ID,Question,Answer1,Answer2,Answer3,Answer4,Correct
Q1,What's my name?,Yi,Yi Li,Li,YL,Yi Li
Q2,What color do I like?,Blue,Red,Yellow,Black,Blue
Q1,What's my name?,Yi,Yi Li,Li,YL,Yi Li
Q2,What color do I like?,Blue,Red,Yellow,Black,Blue
Q1,What's my name?,Yi,Yi Li,Li,YL,Yi Li
Q2,What color do I like?,Blue,Red,Yellow,Black,Blue
Q1,What's my name?,Yi,Yi Li,Li,YL,Yi Li
Q2,What color do I like?,Blue,Red,Yellow,Black,Blue
Q1,What's my name?,Yi,Yi Li,Li,YL,Yi Li
Q2,What color do I like?,Blue,Red,Yellow,Black,Blue
Q1,What's my name?,Yi,Yi Li,Li,YL,Yi Li
Q2,What color do I like?,Blue,Red,Yellow,Black,Blue
Q1,What's my name?,Yi,Yi Li,Li,YL,Yi Li
Q2,What color do I like?,Blue,Red,Yellow,Black,Blue
Q1,What's my name?,Yi,Yi Li,Li,YL,Yi Li
Q2,What color do I like?,Blue,Red,Yellow,Black,Blue
Q1,What's my name?,Yi,Yi Li,Li,YL,Yi Li
Q2,What color do I like?,Blue,Red,Yellow,Black,Blue
Q1,What's my name?,Yi,Yi Li,Li,YL,Yi Li
Q2,What color do I like?,Blue,Red,Yellow,Black,Blue
Q1,What's my name?,Yi,Yi Li,Li,YL,Yi Li
Q2,What color do I like?,Blue,Red,Yellow,Black,Blue
